<?xml version="1.0" encoding="UTF-8"?>
<root>
  <item name="com.auth0.lock.event.AuthenticationError AuthenticationError(int, int, int, java.lang.Throwable) 2">
    <annotation name="android.support.annotation.IntDef">
      <val name="value" val="{com.auth0.lock.event.AuthenticationError.ErrorType.UNKNOWN, com.auth0.lock.event.AuthenticationError.ErrorType.UNAUTHORIZED, com.auth0.lock.event.AuthenticationError.ErrorType.USER_EXISTS, com.auth0.lock.event.AuthenticationError.ErrorType.INVALID_CREDENTIALS, com.auth0.lock.event.AuthenticationError.ErrorType.MFA_INVALID, com.auth0.lock.event.AuthenticationError.ErrorType.MFA_REQUIRED, com.auth0.lock.event.AuthenticationError.ErrorType.MFA_NOT_ENROLLED}" />
    </annotation>
  </item>
  <item name="com.auth0.lock.event.AuthenticationError AuthenticationError(int, java.lang.String, int, java.lang.Throwable) 2">
    <annotation name="android.support.annotation.IntDef">
      <val name="value" val="{com.auth0.lock.event.AuthenticationError.ErrorType.UNKNOWN, com.auth0.lock.event.AuthenticationError.ErrorType.UNAUTHORIZED, com.auth0.lock.event.AuthenticationError.ErrorType.USER_EXISTS, com.auth0.lock.event.AuthenticationError.ErrorType.INVALID_CREDENTIALS, com.auth0.lock.event.AuthenticationError.ErrorType.MFA_INVALID, com.auth0.lock.event.AuthenticationError.ErrorType.MFA_REQUIRED, com.auth0.lock.event.AuthenticationError.ErrorType.MFA_NOT_ENROLLED}" />
    </annotation>
  </item>
  <item name="com.auth0.lock.event.AuthenticationError errorType">
    <annotation name="android.support.annotation.IntDef">
      <val name="value" val="{com.auth0.lock.event.AuthenticationError.ErrorType.UNKNOWN, com.auth0.lock.event.AuthenticationError.ErrorType.UNAUTHORIZED, com.auth0.lock.event.AuthenticationError.ErrorType.USER_EXISTS, com.auth0.lock.event.AuthenticationError.ErrorType.INVALID_CREDENTIALS, com.auth0.lock.event.AuthenticationError.ErrorType.MFA_INVALID, com.auth0.lock.event.AuthenticationError.ErrorType.MFA_REQUIRED, com.auth0.lock.event.AuthenticationError.ErrorType.MFA_NOT_ENROLLED}" />
    </annotation>
  </item>
  <item name="com.auth0.lock.event.AuthenticationError int getErrorType()">
    <annotation name="android.support.annotation.IntDef">
      <val name="value" val="{com.auth0.lock.event.AuthenticationError.ErrorType.UNKNOWN, com.auth0.lock.event.AuthenticationError.ErrorType.UNAUTHORIZED, com.auth0.lock.event.AuthenticationError.ErrorType.USER_EXISTS, com.auth0.lock.event.AuthenticationError.ErrorType.INVALID_CREDENTIALS, com.auth0.lock.event.AuthenticationError.ErrorType.MFA_INVALID, com.auth0.lock.event.AuthenticationError.ErrorType.MFA_REQUIRED, com.auth0.lock.event.AuthenticationError.ErrorType.MFA_NOT_ENROLLED}" />
    </annotation>
  </item>
</root>

